{
  "Full System": {
    "precision@k": {
      "1": 0.38095238095238093,
      "3": 0.31746031746031744,
      "5": 0.34285714285714286,
      "10": 0.29523809523809524
    },
    "ndcg@k": {
      "1": 0.38095238095238093,
      "3": 0.3245558264826923,
      "5": 0.33806976781289505,
      "10": 0.326525014598548
    },
    "recall@k": {
      "1": 0.0027380952380952387,
      "3": 0.00630952380952381,
      "5": 0.011785714285714287,
      "10": 0.019880952380952385
    },
    "map": 0.011360355253212395,
    "mrr": 0.49212018140589564,
    "successful_queries": 17,
    "total_queries": 21
  },
  "Local Only": {
    "precision@k": {
      "1": 0.47619047619047616,
      "3": 0.44444444444444436,
      "5": 0.42857142857142855,
      "10": 0.34761904761904766
    },
    "ndcg@k": {
      "1": 0.47619047619047616,
      "3": 0.44214052772187123,
      "5": 0.4300069916417629,
      "10": 0.3717060158269117
    },
    "recall@k": {
      "1": 0.0036904761904761906,
      "3": 0.01011904761904762,
      "5": 0.016071428571428577,
      "10": 0.024047619047619054
    },
    "map": 0.014401738473167044,
    "mrr": 0.6433106575963718,
    "successful_queries": 20,
    "total_queries": 21
  },
  "Global Only": {
    "precision@k": {
      "1": 0.23809523809523808,
      "3": 0.25396825396825395,
      "5": 0.24761904761904763,
      "10": 0.2523809523809524
    },
    "ndcg@k": {
      "1": 0.23809523809523808,
      "3": 0.2492685410957799,
      "5": 0.24617048107794326,
      "10": 0.24879143980828677
    },
    "recall@k": {
      "1": 0.0013095238095238095,
      "3": 0.004404761904761906,
      "5": 0.007023809523809525,
      "10": 0.014523809523809529
    },
    "map": 0.008912131519274377,
    "mrr": 0.321031746031746,
    "successful_queries": 11,
    "total_queries": 21
  }
}