{
  "aggregated_metrics": {
    "precision@k": {
      "1": 0.0,
      "3": 0.16666666666666666,
      "5": 0.2,
      "10": 0.15
    },
    "recall@k": {
      "1": 0.0,
      "3": 0.016666666666666666,
      "5": 0.03333333333333333,
      "10": 0.05
    },
    "ndcg@k": {
      "1": 0.0,
      "3": 0.11731968150568911,
      "5": 0.15039259007457492,
      "10": 0.13231011136371917
    },
    "map": 0.018472222222222223,
    "mrr": 0.16666666666666666,
    "avg_query_time_ms": 24.036526679992676,
    "throughput_qps": 41.60334865820575
  },
  "per_query_results": {
    "Q4": {
      "precision@k": {
        "1": 0.0,
        "3": 0.3333333333333333,
        "5": 0.4,
        "10": 0.3
      },
      "recall@k": {
        "1": 0.0,
        "3": 0.03333333333333333,
        "5": 0.06666666666666667,
        "10": 0.1
      },
      "ndcg@k": {
        "1": 0.0,
        "3": 0.23463936301137822,
        "5": 0.30078518014914984,
        "10": 0.26462022272743835
      },
      "map": 0.036944444444444446,
      "mrr": 0.3333333333333333,
      "query_time_ms": 17.940998077392578
    },
    "Q5": {
      "precision@k": {
        "1": 0.0,
        "3": 0.0,
        "5": 0.0,
        "10": 0.0
      },
      "recall@k": {
        "1": 0.0,
        "3": 0.0,
        "5": 0.0,
        "10": 0.0
      },
      "ndcg@k": {
        "1": 0.0,
        "3": 0.0,
        "5": 0.0,
        "10": 0.0
      },
      "map": 0.0,
      "mrr": 0.0,
      "query_time_ms": 30.132055282592773
    }
  }
}