{
  "aggregated_metrics": {
    "precision@k": {
      "1": 0.7142857142857143,
      "3": 0.7142857142857143,
      "5": 0.7238095238095238,
      "10": 0.6285714285714286
    },
    "recall@k": {
      "1": 0.006071428571428571,
      "3": 0.018214285714285714,
      "5": 0.03083333333333333,
      "10": 0.05392857142857142
    },
    "ndcg@k": {
      "1": 0.7142857142857143,
      "3": 0.7172115499025946,
      "5": 0.7219403793942712,
      "10": 0.7170379901985025
    },
    "map": 0.05061224489795918,
    "mrr": 0.7714285714285714,
    "avg_query_time_ms": 70.99152746654693,
    "throughput_qps": 14.086187967588474
  },
  "per_query_results": {
    "Q_ALZ_MILD_1": {
      "precision@k": {
        "1": 1.0,
        "3": 1.0,
        "5": 1.0,
        "10": 1.0
      },
      "recall@k": {
        "1": 0.01,
        "3": 0.03,
        "5": 0.05,
        "10": 0.1
      },
      "ndcg@k": {
        "1": 1.0,
        "3": 1.0,
        "5": 1.0,
        "10": 1.0
      },
      "map": 0.1,
      "mrr": 1.0,
      "query_time_ms": 84.39183235168457
    },
    "Q_ALZ_MILD_2": {
      "precision@k": {
        "1": 1.0,
        "3": 1.0,
        "5": 1.0,
        "10": 1.0
      },
      "recall@k": {
        "1": 0.01,
        "3": 0.03,
        "5": 0.05,
        "10": 0.1
      },
      "ndcg@k": {
        "1": 1.0,
        "3": 1.0,
        "5": 1.0,
        "10": 1.0
      },
      "map": 0.1,
      "mrr": 1.0,
      "query_time_ms": 72.33786582946777
    },
    "Q_ALZ_ALL_3": {
      "precision@k": {
        "1": 1.0,
        "3": 1.0,
        "5": 1.0,
        "10": 0.5
      },
      "recall@k": {
        "1": 0.01,
        "3": 0.03,
        "5": 0.05,
        "10": 0.05
      },
      "ndcg@k": {
        "1": 1.0,
        "3": 1.0,
        "5": 1.0,
        "10": 1.0
      },
      "map": 0.05,
      "mrr": 1.0,
      "query_time_ms": 114.70890045166016
    },
    "Q_ALZ_PROG_3": {
      "precision@k": {
        "1": 1.0,
        "3": 1.0,
        "5": 1.0,
        "10": 1.0
      },
      "recall@k": {
        "1": 0.01,
        "3": 0.03,
        "5": 0.05,
        "10": 0.1
      },
      "ndcg@k": {
        "1": 1.0,
        "3": 1.0,
        "5": 1.0,
        "10": 1.0
      },
      "map": 0.1,
      "mrr": 1.0,
      "query_time_ms": 42.860984802246094
    },
    "Q_ALZ_PAT_3": {
      "precision@k": {
        "1": 1.0,
        "3": 1.0,
        "5": 1.0,
        "10": 1.0
      },
      "recall@k": {
        "1": 0.01,
        "3": 0.03,
        "5": 0.05,
        "10": 0.1
      },
      "ndcg@k": {
        "1": 1.0,
        "3": 1.0,
        "5": 1.0,
        "10": 1.0
      },
      "map": 0.1,
      "mrr": 1.0,
      "query_time_ms": 43.07222366333008
    },
    "Q_TUM_PIT_6": {
      "precision@k": {
        "1": 0.0,
        "3": 0.3333333333333333,
        "5": 0.2,
        "10": 0.3
      },
      "recall@k": {
        "1": 0.0,
        "3": 0.01,
        "5": 0.01,
        "10": 0.03
      },
      "ndcg@k": {
        "1": 0.0,
        "3": 0.2960819109658652,
        "5": 0.21398626473452756,
        "10": 0.27454788926472085
      },
      "map": 0.010833333333333332,
      "mrr": 0.5,
      "query_time_ms": 70.7693099975586
    },
    "Q_TUM_PIT_7": {
      "precision@k": {
        "1": 1.0,
        "3": 1.0,
        "5": 1.0,
        "10": 1.0
      },
      "recall@k": {
        "1": 0.01,
        "3": 0.03,
        "5": 0.05,
        "10": 0.1
      },
      "ndcg@k": {
        "1": 1.0,
        "3": 1.0,
        "5": 1.0,
        "10": 1.0
      },
      "map": 0.1,
      "mrr": 1.0,
      "query_time_ms": 70.80888748168945
    },
    "Q_TUM_ALL_8": {
      "precision@k": {
        "1": 1.0,
        "3": 1.0,
        "5": 1.0,
        "10": 0.5
      },
      "recall@k": {
        "1": 0.01,
        "3": 0.03,
        "5": 0.05,
        "10": 0.05
      },
      "ndcg@k": {
        "1": 1.0,
        "3": 1.0,
        "5": 1.0,
        "10": 1.0
      },
      "map": 0.05,
      "mrr": 1.0,
      "query_time_ms": 114.53413963317871
    },
    "Q_TUM_TYPES_8": {
      "precision@k": {
        "1": 1.0,
        "3": 1.0,
        "5": 1.0,
        "10": 1.0
      },
      "recall@k": {
        "1": 0.01,
        "3": 0.03,
        "5": 0.05,
        "10": 0.1
      },
      "ndcg@k": {
        "1": 1.0,
        "3": 1.0,
        "5": 1.0,
        "10": 1.0
      },
      "map": 0.1,
      "mrr": 1.0,
      "query_time_ms": 44.16704177856445
    },
    "Q_TUM_CHAR_8": {
      "precision@k": {
        "1": 1.0,
        "3": 1.0,
        "5": 1.0,
        "10": 1.0
      },
      "recall@k": {
        "1": 0.01,
        "3": 0.03,
        "5": 0.05,
        "10": 0.1
      },
      "ndcg@k": {
        "1": 1.0,
        "3": 1.0,
        "5": 1.0,
        "10": 1.0
      },
      "map": 0.1,
      "mrr": 1.0,
      "query_time_ms": 41.70703887939453
    },
    "Q_PARK_NEG_11": {
      "precision@k": {
        "1": 1.0,
        "3": 1.0,
        "5": 1.0,
        "10": 1.0
      },
      "recall@k": {
        "1": 0.01,
        "3": 0.03,
        "5": 0.05,
        "10": 0.1
      },
      "ndcg@k": {
        "1": 1.0,
        "3": 1.0,
        "5": 1.0,
        "10": 1.0
      },
      "map": 0.1,
      "mrr": 1.0,
      "query_time_ms": 69.98920440673828
    },
    "Q_PARK_ALL_12": {
      "precision@k": {
        "1": 0.0,
        "3": 0.0,
        "5": 0.0,
        "10": 0.0
      },
      "recall@k": {
        "1": 0.0,
        "3": 0.0,
        "5": 0.0,
        "10": 0.0
      },
      "ndcg@k": {
        "1": 0.0,
        "3": 0.0,
        "5": 0.0,
        "10": 0.0
      },
      "map": 0.0,
      "mrr": 0.0,
      "query_time_ms": 111.42182350158691
    },
    "Q_PARK_COMP_12": {
      "precision@k": {
        "1": 0.0,
        "3": 0.0,
        "5": 0.0,
        "10": 0.0
      },
      "recall@k": {
        "1": 0.0,
        "3": 0.0,
        "5": 0.0,
        "10": 0.0
      },
      "ndcg@k": {
        "1": 0.0,
        "3": 0.0,
        "5": 0.0,
        "10": 0.0
      },
      "map": 0.0,
      "mrr": 0.0,
      "query_time_ms": 42.0379638671875
    },
    "Q_MS_POS_14": {
      "precision@k": {
        "1": 0.0,
        "3": 0.6666666666666666,
        "5": 0.6,
        "10": 0.4
      },
      "recall@k": {
        "1": 0.0,
        "3": 0.02,
        "5": 0.03,
        "10": 0.04
      },
      "ndcg@k": {
        "1": 0.0,
        "3": 0.5307212739772434,
        "5": 0.5147714448836774,
        "10": 0.40741536676357565
      },
      "map": 0.023380952380952377,
      "mrr": 0.5,
      "query_time_ms": 72.3729133605957
    },
    "Q_MS_POS_15": {
      "precision@k": {
        "1": 1.0,
        "3": 0.6666666666666666,
        "5": 0.6,
        "10": 0.5
      },
      "recall@k": {
        "1": 0.01,
        "3": 0.02,
        "5": 0.03,
        "10": 0.05
      },
      "ndcg@k": {
        "1": 1.0,
        "3": 0.7653606369886217,
        "5": 0.6843515475204855,
        "10": 0.5958595188912912
      },
      "map": 0.03980952380952381,
      "mrr": 1.0,
      "query_time_ms": 70.45507431030273
    },
    "Q_MS_POS_16": {
      "precision@k": {
        "1": 0.0,
        "3": 0.0,
        "5": 0.0,
        "10": 0.0
      },
      "recall@k": {
        "1": 0.0,
        "3": 0.0,
        "5": 0.0,
        "10": 0.0
      },
      "ndcg@k": {
        "1": 0.0,
        "3": 0.0,
        "5": 0.0,
        "10": 0.0
      },
      "map": 0.0,
      "mrr": 0.0,
      "query_time_ms": 71.87032699584961
    },
    "Q_MS_ALL_17": {
      "precision@k": {
        "1": 1.0,
        "3": 0.3333333333333333,
        "5": 0.6,
        "10": 0.3
      },
      "recall@k": {
        "1": 0.01,
        "3": 0.01,
        "5": 0.03,
        "10": 0.03
      },
      "ndcg@k": {
        "1": 1.0,
        "3": 0.46927872602275644,
        "5": 0.6164336326286644,
        "10": 0.6164336326286644
      },
      "map": 0.021,
      "mrr": 1.0,
      "query_time_ms": 111.86790466308594
    },