{
  "aggregated_metrics": {
    "precision@k": {
      "1": 0.0,
      "3": 0.0,
      "5": 0.0,
      "10": 0.0
    },
    "recall@k": {
      "1": 0.0,
      "3": 0.0,
      "5": 0.0,
      "10": 0.0
    },
    "ndcg@k": {
      "1": 0.0,
      "3": 0.0,
      "5": 0.0,
      "10": 0.0
    },
    "map": 0.0,
    "mrr": 0.0,
    "avg_query_time_ms": 18.274569511413574,
    "throughput_qps": 54.720851255918205
  },
  "per_query_results": {
    "Q1": {
      "precision@k": {
        "1": 0.0,
        "3": 0.0,
        "5": 0.0,
        "10": 0.0
      },
      "recall@k": {
        "1": 0.0,
        "3": 0.0,
        "5": 0.0,
        "10": 0.0
      },
      "ndcg@k": {
        "1": 0.0,
        "3": 0.0,
        "5": 0.0,
        "10": 0.0
      },
      "map": 0.0,
      "mrr": 0.0,
      "query_time_ms": 15.108823776245117
    },
    "Q2": {
      "precision@k": {
        "1": 0.0,
        "3": 0.0,
        "5": 0.0,
        "10": 0.0
      },
      "recall@k": {
        "1": 0.0,
        "3": 0.0,
        "5": 0.0,
        "10": 0.0
      },
      "ndcg@k": {
        "1": 0.0,
        "3": 0.0,
        "5": 0.0,
        "10": 0.0
      },
      "map": 0.0,
      "mrr": 0.0,
      "query_time_ms": 14.224052429199219
    },
    "Q3": {
      "precision@k": {
        "1": 0.0,
        "3": 0.0,
        "5": 0.0,
        "10": 0.0
      },
      "recall@k": {
        "1": 0.0,
        "3": 0.0,
        "5": 0.0,
        "10": 0.0
      },
      "ndcg@k": {
        "1": 0.0,
        "3": 0.0,
        "5": 0.0,
        "10": 0.0
      },
      "map": 0.0,
      "mrr": 0.0,
      "query_time_ms": 14.269828796386719
    },
    "Q4": {
      "precision@k": {
        "1": 0.0,
        "3": 0.0,
        "5": 0.0,
        "10": 0.0
      },
      "recall@k": {
        "1": 0.0,
        "3": 0.0,
        "5": 0.0,
        "10": 0.0
      },
      "ndcg@k": {
        "1": 0.0,
        "3": 0.0,
        "5": 0.0,
        "10": 0.0
      },
      "map": 0.0,
      "mrr": 0.0,
      "query_time_ms": 13.844013214111328
    },
    "Q5": {
      "precision@k": {
        "1": 0.0,
        "3": 0.0,
        "5": 0.0,
        "10": 0.0
      },
      "recall@k": {
        "1": 0.0,
        "3": 0.0,
        "5": 0.0,
        "10": 0.0
      },
      "ndcg@k": {
        "1": 0.0,
        "3": 0.0,
        "5": 0.0,
        "10": 0.0
      },
      "map": 0.0,
      "mrr": 0.0,
      "query_time_ms": 14.243841171264648
    },
    "Q6": {
      "precision@k": {
        "1": 0.0,
        "3": 0.0,
        "5": 0.0,
        "10": 0.0
      },
      "recall@k": {
        "1": 0.0,
        "3": 0.0,
        "5": 0.0,
        "10": 0.0
      },
      "ndcg@k": {
        "1": 0.0,
        "3": 0.0,
        "5": 0.0,
        "10": 0.0
      },
      "map": 0.0,
      "mrr": 0.0,
      "query_time_ms": 27.25696563720703
    },
    "Q7": {
      "precision@k": {
        "1": 0.0,
        "3": 0.0,
        "5": 0.0,
        "10": 0.0
      },
      "recall@k": {
        "1": 0.0,
        "3": 0.0,
        "5": 0.0,
        "10": 0.0
      },
      "ndcg@k": {
        "1": 0.0,
        "3": 0.0,
        "5": 0.0,
        "10": 0.0
      },
      "map": 0.0,
      "mrr": 0.0,
      "query_time_ms": 27.317047119140625
    },
    "Q8": {
      "precision@k": {
        "1": 0.0,
        "3": 0.0,
        "5": 0.0,
        "10": 0.0
      },
      "recall@k": {
        "1": 0.0,
        "3": 0.0,
        "5": 0.0,
        "10": 0.0
      },
      "ndcg@k": {
        "1": 0.0,
        "3": 0.0,
        "5": 0.0,
        "10": 0.0
      },
      "map": 0.0,
      "mrr": 0.0,
      "query_time_ms": 14.214038848876953
    },
    "Q9": {
      "precision@k": {
        "1": 0.0,
        "3": 0.0,
        "5": 0.0,
        "10": 0.0
      },
      "recall@k": {
        "1": 0.0,
        "3": 0.0,
        "5": 0.0,
        "10": 0.0
      },
      "ndcg@k": {
        "1": 0.0,
        "3": 0.0,
        "5": 0.0,
        "10": 0.0
      },
      "map": 0.0,
      "mrr": 0.0,
      "query_time_ms": 28.133153915405273
    },
    "Q10": {
      "precision@k": {
        "1": 0.0,
        "3": 0.0,
        "5": 0.0,
        "10": 0.0
      },
      "recall@k": {
        "1": 0.0,
        "3": 0.0,
        "5": 0.0,
        "10": 0.0
      },
      "ndcg@k": {
        "1": 0.0,
        "3": 0.0,
        "5": 0.0,
        "10": 0.0
      },
      "map": 0.0,
      "mrr": 0.0,
      "query_time_ms": 14.133930206298828
    }
  }
}